text,label
Divisi Acara Tema Kegiatan Mengoptimalkan Tanggung Berorganisasi Meningkatkan Kekeluargaan Narasumber Dwiki Adi Putra M Si Aqbil Fattaqqoh Pembawa Doa M Dzawil Fadhol Abidullah Dosen Pengawas Bentuk ice breaking Tebak gambar,school
UNIVERSITAS SRIWIJAYA FAKULTAS ILMU KOMPUTER HIMPUNAN MAHASISWA TEKNIK INFORMATIKA Sekretariat Gedung Fakultas Ilmu Komputer Kampus Unsri Indralaya KM Website httphmifunsriorg UNIVERSITAS SRIWIJAYA FAKULTAS ILMU KOMPUTER HIMPUNAN MAHASISWA TEKNIK INFORMATIKA Sekretariat Gedung Fakultas Ilmu Komputer Kampus Unsri Indralaya KM Website httphmifunsriorg PROPOSAL KEGIATAN UPGRADING STAF BPH HMIF,school
PROPOSAL KEGIATAN UPGRADING STAF BPH HMIF HIMPUNAN MAHASISWA TEKNIK INFORMATIKA FAKULTAS ILMU KOMPUTER UNIVERSITAS SRIWIJAYA UNIVERSITAS SRIWIJAYA FAKULTAS ILMU KOMPUTER HIMPUNAN MAHASISWA TEKNIK INFORMATIKA Sekretariat Gedung Fakultas Ilmu Komputer Kampus Unsri Indralaya KM Website httphmifunsriorg DAFTAR ISI DAFTAR ISI LATAR TUJUAN,school
SUSUNAN RINCIAN ACARA UPGRADING STAFF BPH HMIF Kegiatan Pelaksana Pembukaan Moderator Vellanindhita Noorprameswari Yudoyono Mendengarkan lagu Indonesia Raya Moderator Vellanindhita Noorprameswari Yudoyono Sambutan Ketua Pelaksana M Raihan Arrasyid Sambutan Ketua,school
SUSUNAN RINCIAN ACARA UPGRADING STAFF BPH HMIF Kegiatan Pembukaan Mendengarkan lagu Indonesia Raya Sambutan Ketua,school
TERM OF REFERENCE Nama Kegiatan Upgrading Staf BPH HMIF Deskripsi Kegiatan Upgrading seminar pembekalan materi keorganisasian bertujuan meningkatkan keterampilan kemampuan peserta memimpin mengelola organisasi efektif seminar peserta pemahaman konsep prinsip dasar mengelola organisasi,school
TERM OF REFERENCE Nama Kegiatan Upgrading Staf BPH HMIF Deskripsi Kegiatan Upgrading seminar pembekalan materi keorganisasian bertujuan meningkatkan keterampilan kemampuan peserta memimpin mengelola organisasi efektif seminar peserta pemahaman konsep prinsip dasar mengelola organisasi,school
TERM OF REFERENCES UPGRADING STAF HMIF UNIVERSITAS SRIWIJAYA Pemateri Aqbil Fattaqoh Materi Organisasi media pengembangan aspek profesionalisme kekeluargaan Gambaran Manusia dasarnya makhluk individu sosial pusat kemanusiaan masingmasing pribadi manusia kemerdekaan pribadi hak asasinya,school
TERM OF REFERENCES UPGRADING STAF HMIF UNIVERSITAS SRIWIJAYA Pemateri Materi Aqbil Fattaqoh Organisasi media pengembangan aspek profesionalisme kekeluargaan Gambaran Manusia dasarnya makhluk individu sosial pusat kemanusiaan masingmasing pribadi manusia kemerdekaan pribadi hak,school
TERM OF REFERENCES UPGRADING STAF HMIF UNIVERSITAS SRIWIJAYA Pemateri Dwiki Adi Putra MSi Materi Membangun tanggung kekeluargaan organisator kampus Gambaran Salah komponen organisasi tanggung kekeluargaan organisasi membutuhkan tanggung,school
TERM OF REFERENCES UPGRADING STAF HMIF UNIVERSITAS SRIWIJAYA Pemateri Dwiki Adi Putra MSi Materi Membangun tanggung kekeluargaan organisator kampus Gambaran Salah komponen organisasi tanggung kekeluargaan organisasi membutuhkan tanggung,school
Nama Muhamad Dwirizqy Wimbassa NIM Algoritma mencari FPB Input bilangan dicari FPBnya bilangan faktor prima dst dibagi faktor prima Lihat faktor prima bilangan membagi,school
Nama Muhamad Dwirizqy Wimbassa NIM Tugas Agama Fiqh Thoharah Berdasarkan buku fiqih ditulis Hasbiyallah definisi perbedaan Najis Hadas Najis jenis kotoran wajib dihindari menyebabkan terhalang beribadah Allah Taala,school
Fungsi Alasan Pancasila Muhamad Dwirizqy Wimbassa Kelompok Urgensi Pancasila pancasila fungsi pokok pancasila Dasar Negara Ideologi Bangsa Pandangan Hidup Pancasila Dasar negara Pancasila sumber hukum Pancasila jiwa bangsa terwujud lembaga,school
Critical Review Jurnal Muhamad Dwirizqy Wimbassa Jurnal Judul URGENSI MEMAHAMI MENGIMPLEMENTASIKAN NILAINILAI PANCASILA KEHIDUPAN SEHARIHARI BANGSA Penulis Wahyu Anugrah Octavian Identitas Jurnal Review Jurnal tujuan pengertian pembaca pancasila masyarakat,school
Critical Review Jurnal Perkenalan Nama Muhamad Dwirizqy W Nim Jurnal Urgensi Pancasila Kajian Sejarah Bangsa a Identitas Jurnal Penulis Restu Dwi Julian Email Universitas AKBPSTIE b Permasalahan Topik permasalahan dibahas jurnal bentuk perkembangan,school
ELECTRONIC CIRCUIT STYLE Here is where your presentation begins CONTENTS OF THIS TEMPLATE Heres what youll find in this Slidesgo template A slide structure based on a Resume presentation which you can easily adapt to your needs For more info on how to edit the template please visit Slidesgo School,school
Flowchart Algoritma FPB Muhamad Dwirizqy WImbassa Start input X Y XY Ya X i Y i sisaX X mod i sisaY Y mod i i i Ya sisaX sisaY Ya Output i,school
Flowchart Algoritma KPK Muhamad Dwirizqy WImbassa Start input X Y kpk i kpk kpk X i i Y Ya Kpk mod Y Ya Output Kpk End,school
Flowchart Algoritma menentukan Bilangan Prima Muhamad Dwirizqy WImbassa Start X String Y Input Bil Bil Print Bil Y X Bil Ya Print Ya bilangan prima Bil mod X Ya XBil Y bilangan prima X Y,school
View metadata citation and similar papers at coreacuk brought to you by CORE provided by Universitas Sriwijaya UNSRI EJournal URGENSI MEMAHAMI MENGIMPLEMENTASIKAN NILAINILAI PANCASILA KEHIDUPAN SEHARIHARI BANGSA Wendy Anugrah Octavian Universitas Muhammadiyah Palembang Email Abstract Pancasila values must be known understood and implemented by the,school
RUNTUHNYA KARAKTER BANGSA URGENSI PENDIDIKAN PANCASILA Arie Supriyatno Dosen Fakultas Keguruan Ilmu Pendidikan Univ Muh Magelang Abstract Depravity of a nation can take place because it was reduced to a sense of nationalist consciousness of citizens themselves There are several factors that affect the nations moral decay such,school
MAKALAH Implementasi Iman Takwa Kehidupan DOSEN PEMBIMBING Nurbuana SAg MPd I DISUSUN KELOMPOK Muhamad Dwirizqy Wimbassa Muhammad Ikhsan Yudistira UNIVERSITAS SRIWAJAYA FAKULTAS ILMU KOMPUTER TEKNIK INFORMATIKA BAB I PENDAHULUAN Latar Dewasa globalisasi merambah bidang kehidupan Kemajuan sains,school
ESENSI DATA SCIENCE Inti rukun data science hasil Insights tida k sekedar informasi belaka mengelola data formats text graph video etc Memiliki kemampuan bersifat bertingkat scalability menganalisa data kompleksitas,school
CLOUD COMPUTING KELOMPOK PENGANTAR TEKNOLOGI INFORMASI FARHAN NUGRAHA MUHAMMAD DWIRIZQY WIMBASSA KSATRIA ABDULLAH FARAUK KAKA INOCHI MEMBERS Cloud Computing What Farhan Nugraha CLOUD COMPUTING,school
Pendahuluan NLP Text Mining Anggota Kelompok Abdullah Farauk Ksatria Muhamad Dwirizqy Wimbassa Kaka Inochi Pendahuluan Muhamad Dwirizqy Wimbassa Pengertian NLP Natural Language Processing Natural Language Processing NLP Pemrosesan Bahasa Alami PBA cabang ilmu AIComputational Linguistik mempelajari bahasa,school
Nama Muhamad Dwirizqy Wimbassa NIM Algoritma mencari FPB Input bilangan dicari FPBnya bilangan faktor prima dst dibagi faktor prima Lihat faktor prima,school
TUGAS PENGANTAR ALPRO BILL Algoritma menghitung nilai Ratarata Array Deskripsi Input bilangan library Scanner Mendeklarasikan variabel i total data array nilaiA bertipe data integer Inisialisasi array variable nilaiA Mendeklarasikan variabel rataRata bertipe data double Mendeklarasikan variabel input input user,school
TUGAS PENGANTAR ALPRO BILL Algoritma menghitung nilai Ratarata Array Deskripsi Input bilangan library Scanner Mendeklarasikan variabel i total data array nilaiA bertipe data integer Inisialisasi array variable nilaiA Mendeklarasikan variabel rataRata bertipe data double Mendeklarasikan variabel input,school
UJIAN SEMESTER GANJIL AKADEMIK FAKULTAS ILMU KOMPUTER UNIVERSITAS SRIWIJAYA Nama Mata Kuliah SKS Tanggal Kelas Program Studi Dosen Penguji Matriks Vektor Selasa November P Teknik Informatika Alvi Syahrini,school
Artificial Intelligence Abdullah Farauk Ksatria Muhamad Dwirizqy Wimbassa Farhan Nugraha Kaka Inochi Kelompok Voice Recognition P engantarTeknologiInformasijava Unsrihtml Definition of Voice Recognition Definisi MuhamadDwirizqyWimbassaclass java Kelompok Definition,school
Nama Muhamad Dwirizqy Wimbassa NIM Perkenalan Bahasa Daerah Assalamualaikum Warrahmatullahi Wabarakatuh Perkenalkan namo ambo Muhamad Dwirizqy Wimbassa biaso dipanggil Kiki Umur ambo tinggalnyo Palembang aslinyo orang Curup kabupaten Rejang Lebong Provinsi Bengkulu Ambo lahir Curup daerah Air Rambai,school
TUGAS KULIAH KEWARGANEGARAAN RINGKASAN KETAHANAN NASIONAL Dosen Pengajar Ahmad Idris SH MH Disusun Muhamad Dwirizqy Wimbassa PROGRAM STUDIK TEKNIK INFORMATIKA FAKULTAS ILMU KOMPUTER UNIVERSITAS SRIWIJAYA KULIAH KETAHANAN NASIONAL PENGUATAN KARAKTER BANGSA IMPLEMENTASI KAMPUS MERDEKA Pandemi Covid merubah masyarakat berinteraksi,school
Nama Muhamad Dwirizqy Wimbassa Nim Spec Pc Budget juta Case Phanteks Eclipse PA Tempered glass Alasan Memiliki build quality memiliki lampu RGB berkesan simpel Link httpsshopeecoidDiskonPhanteksEclipsePATemperedGlassCasingKomputerispatkeeaebaedfbbbb Link Spec Motherboard ASUS ROG Strix,school
Nama Muhamad Dwirizqy Wimbassa Nim Spek Pc Budget juta Case Phanteks Eclipse PA Tempered glass Alasan Memiliki build quality memiliki lampu RGB berkesan simpel Link httpsshopeecoidDiskonPhanteksEclipsePATemperedGlassCasingKomputerispatkeeaebaedfbbbb Motherboard ASUS ROG Strix ZG Gaming WiFi,school
Muhamad Dwirizqy Wimbassa Tugas Revisi Skripsi Kesalahan highlight warna merah revisi highlight warna biru Contoh membunu membunuh BAB PENDAHULUAN Latar era globalisasi kemajuan teknologi informasi komunikasi mendorong perkembangan dunia usaha cepat Perkembangan,school
Muhamad Dwirizqy Wimbassa Identifikasi Tugas Pernyataan highlight warna kuning pernyataan Senyatanya highlight warna hijau BAB PENDAHULUAN Latar era globalisasi kemajuan teknologi informasi komunikasi mendorong perkembangan dunia usaha cepat Perkembangan,school
Ujian Semester Mata Kuliah Bahasa Indonesia Dosen Pengampu A Rizqi Turama SPd MA Nama NIM Muhamad Dwirizqy Wimbassa Paragraf Eksposisi Mengenali Penyakit Asma Sistem pernapasan manusia organ mengalami gangguan Gangguan kelainan penyakit efek lingkungan,school
Muhamad Dwirizqy Wimbassa UTS ASDL Uraikan singkat arti struktur data Array Linked List Stack Queue Array jenis struktur data menyimpan tipe data dimana elemennya diakses langsung konstan Linked list bentuk struktur data,school
Muhamad Dwirizqy Wimbassa UTS ASDL Uraikan singkat arti struktur data Array Linked List Stack Queue Array jenis struktur data menyimpan tipe data dimana elemennya diakses langsung konstan Linked list bentuk struktur,school
Nama Muhamad Dwirizqy Wimbassa NIM UAS ASDL perbedaan struktur data Stack Queue contoh detail operasinya komponenkomponen Tree Buatlah pohon biner barisan bilangan Buatlah,school
Nama Muhamad Dwirizqy Wimbassa NIM UAS PENDIDIKAN KEWARGANEGARAAN Ujian Uraikan faktorfaktor menyebabkan aksi separatisme Indonesia ditinjau konsep integrasi nasional gerakan separatisme mengancam identitas nasional bangsa Indonesia Uraikan pandangan saudara terkait upaya pemerintah,school
LAPORAN KULIAH JARAK NAMA Muhamad Dwirizqy Wimbassa NIM KELAS Bilingual kelas P PRODI Teknik Informatika MATA KULIAH Kewarganegaraan DOSEN PENGAMPU Rini Setiyowati MPd No Nama Mata Kuliah Praktikum Nama Dosen Kuliah Metode Materi Mhs orang Pelaksanaan Dokumentasi Kewarganegaraan,school
Nama Muhamad Dwirizqy Wimbassa NIM Hasil analisis DNS Topologi menghasilkan fitur DNS pc mengakses server web Input DNS singkatan Domain Name System berfungsi menamai sistem mengindentifikasi komputer web diakses,school
Review Delay on the Google Play Store Muhamad Dwirizqy wimbassa Google is implementing a new change to its ratings and reviews to combat suspicious reviews The change will delay the publishing of new reviews by hours after submission Developers will still be able to see and reply to,school
Quantum Computing in a nutshell Muhamad Dwirizqy wimbassa What is quantum computing Quantum computing is an analog to the computing we know and love But while computing leverages the classical transistor quantum computing takes advantage of the world of the infinitely small the quantum world to run,school
The end of GPU Mining Muhamad Dwirizqy Wimbassa Unprofitable After the Ethereum Merge where the cryptocoin successfully switched from Proof of Work PoW to Proof of Stake PoS profitability of GPU mining has completely collapsed That means the best graphics cards should finally be back,school
Intel Arc A Will it Surpass NVIDIA Muhamad Dwirizqy Wimbassa Intel Arc A GPU Flagship terbaru Intel publik musim panas GPU kelas Intel menyaingi kartu grafis Nvidia GeForce RTX Ti RTX,school
Nama Muhamad Dwirizqy Wimbassa Nim UAS Basis Data a Berdasarkan skema tuliskan pernyataan SQL DDL membentuk table create table Buku ISBN varchar PRIMARY KEY Judul varchar Edisi varchar JumlahHalaman varchar Penulis varchar Penerbit varchar TahunTerbit varchar create table Pelanggan,school
Nama Muhamad Dwirizqy Wimbassa Nim UAS Basis Data a Berdasarkan skema tuliskan pernyataan SQL DDL membentuk table create table Buku ISBN varchar PRIMARY KEY Judul varchar Edisi varchar JumlahHalaman varchar Penulis varchar Penerbit varchar TahunTerbit varchar create table Pelanggan,school
Interaksi Manusia Komputer Perancangan Aplikasi Muhamad Dwirizqy Wimbassa Nama Logo Aplikasi Pengertian UjiKabar Aplikasi berisi informasi berita faktual terkini Palembang berita peristiwa Palembang rekomendasi rekreasi promo khusus toko Palembang,school
SISTEM INFORMASI PENGARSIPAN DATA BERBASIS WEBSITE Disusun JIHAAN JASMINE JAHROO ARRAHMANUL HAKIM NICO KARUNA MUHAMAD DWIRIZQY WIMBASSA KAKA INOCHI FAKULTAS ILMU KOMPUTER PRODI TEKNIK INFORMATIKA UNIVERSITAS SRIWIJAYA DAFTAR ISI BAB I PENDAHULUAN BAB II KAJIAN LITERATUR BAB III METODOLOGI PENELITIAN BAB,school
Remastering Linux Tema Gaming Elan Abdul Hakim Abdullah Farauk Muhamad Dwirizqy Wimbassa Judul Remastering Linux G nux Permasalahan Memasuki era digitalisasi banyaknya pemuda pemudi turun profesi Gaming meningkatnya kebutuhan gamers media memudahkan langkah,school
Remastering Linux Tema Gaming Elan Abdul Hakim Abdullah Farauk Muhamad Dwirizqy Wimbassa Judul Remastering Linux G n u x Permasalahan Memasuki era digitalisasi banyaknya pemuda pemudi turun profesi Gaming meningkatnya kebutuhan gamers media,school
Remastering Linux Tema Gaming Elan Abdul Hakim Abdullah Farauk Muhamad Dwirizqy Wimbassa Judul Remastering Linux G nux Memasuki era digitalisasi banyaknya pemuda pemudi turun profesi Gaming meningkatnya kebutuhan gamers media memudahkan langkah,school
UNIVERSITAS SRIWIJAYA FAKULTAS ILMU KOMPUTER JURUSAN TEKNIK INFORMATIKA JalanPalembang Prabumulih Km Inderalaya Ogan Ilir Kode Pos Telepon Fax Email UNIVERSITAS SRIWIJAYA FAKULTAS ILMU KOMPUTER JURUSAN TEKNIK INFORMATIKA JalanPalembang Prabumulih Km Inderalaya Ogan Ilir Kode Pos Telepon,school
Judul PERANAN PENGETAHUAN DESAIN KOMUNIKASI VISUAL PENGAJARAN MATAKULIAH INTERAKSI MANUSIA KOMPUTER Jurnal Jurnal Informatika Penulis Baginda Oloan Lubis Reviewer Muhamad Dwirizqy Wimbassa Tanggal November Tujuan Penelitian Tujuan penelitiannya pengajar mata kuliah interaksi manusia komputer AMIK Bina Sarana Informatika diharapkan,school
Rancangan Aplikasi Uji Kabar Informasi Faktual Relevan membantu UMKM daerah Palembang Version Software Requirements Specification Date Nov Rancangan Aplikasi Uji Kabar Informasi Faktual Relevan membantu UMKM daerah Palembang Version Software Requirements Specification Date Nov,school
Tahap Pengujian Sistem Pengujian sistem Sistem Informasi Manajemen Pengarsipan data berbasis Web data Bulanan teknik black box Tabel Dibawah Tabel Pengujian Blackbox No Fungsi Penyajian Hasil Pengujian Berhasil Halaman Login Page Halaman Jenisjenis Data,school
UNIVERSITAS SRIWIJAYA FAKULTAS ILMU KOMPUTER JURUSAN TEKNIK INFORMATIKA JalanPalembang Prabumulih Km Inderalaya Ogan Ilir Kode Pos Telepon Fax Email UNIVERSITAS SRIWIJAYA FAKULTAS ILMU KOMPUTER JURUSAN TEKNIK INFORMATIKA JalanPalembang Prabumulih Km Inderalaya Ogan Ilir Kode Pos Telepon,school
UNIVERSITAS SRIWIJAYA FAKULTAS ILMU KOMPUTER JURUSAN TEKNIK INFORMATIKA JalanPalembang Prabumulih Km Inderalaya Ogan Ilir Kode Pos Telepon Fax Email Mata Kuliah Pemrograman Web I Jurusan Teknik Informatika Kelas RegulerBilingual QUIZ Dosen Osvari A SKom MT,school
Praktikum Jaringan Komputer TIBil Muhamad Dwirizqy Wimbassa Wireshark Amati aktivitas browsing lakukan wireshark nyalakan capture interface yg aktif Buka browser buka wwwunsriacid Klik salah link berita wwwunsriacid halaman berhasil load matikan capture Amati aktivitas http membuka,school
Pemogramman WEB II Ade Iriani Sapitri MKom Kerjakan Tugas Individu deadline Pengumpulan Rabu Februari sd kirim email subject Tugas NAMANIMpdf kirim alamat email Nama Mahasiswa Muhamad Dwirizqy Wimbassa NIM Kelas P Nilai Diisi Dosen MENGGABUNGKAN HTML,school
Pemogramman WEB II Ade Iriani Sapitri MKom Kerjakan Tugas Individu deadline Pengumpulan Rabu Februari sd kirim email subject Tugas NAMANIMpdf kirim alamat email Nama Mahasiswa Muhamad Dwirizqy Wimbassa NIM Kelas P Nilai Diisi Dosen MENGGABUNGKAN HTML,school
UNIVERSITAS SRIWIJAYA FAKULTAS ILMU KOMPUTER JURUSAN TEKNIK INFORMATIKA Jalan Palembang Prabumulih Km Inderalaya Ogan Ilir Kode Pos Telepon Fax Email UNIVERSITAS SRIWIJAYA FAKULTAS ILMU KOMPUTER JURUSAN TEKNIK INFORMATIKA Jalan Palembang Prabumulih Km Inderalaya Ogan Ilir Kode Pos,school
Nama Muhamad Dwirizqy Wimbassa NIM Kelas TI BIL P Tugas PPLBO System Request Technical Feasibility System Request Sistem Pembayaran UKT Universitas Sriwijaya ECommerce Project Sponsor Universitas Sriwijaya Tokopedia Shopee Business Needs Sistem memudahkan proses transaksi UKT mahasiswa Universitas,school
Nama Muhamad Dwirizqy Wimbassa NIM Kelas TI BIL P Tugas PPLBO System Request Technical Feasibility System Request Sistem Pembayaran UKT Universitas Sriwijaya ECommerce Project Sponsor Universitas Sriwijaya Tokopedia Shopee Business Needs Sistem memudahkan proses transaksi UKT mahasiswa Universitas,school
Nama Muhamad Dwirizqy Wimbassa NIM Kelas TI BIL P Tugas PPLBO System Request Technical Feasibility System Request Sistem Pembayaran UKT Universitas Sriwijaya ECommerce Project Sponsor Universitas Sriwijaya Tokopedia Shopee Business Needs Sistem memudahkan proses transaksi UKT mahasiswa Universitas,school
Nama Muhamad Dwirizqy Wimbassa NIM Kelas TI BIL P Tugas PPLBO System Request Technical Feasibility System Request Sistem Pembayaran UKT Universitas Sriwijaya ECommerce Project Sponsor Universitas Sriwijaya Tokopedia Shopee Business Needs Sistem memudahkan proses transaksi UKT mahasiswa Universitas,school
Nama Muhamad Dwirizqy Wimbassa NIM Kelas TI BIL P Tugas PPLBO System Request Technical Feasibility System Request Sistem Pembayaran UKT Universitas Sriwijaya ECommerce Project Sponsor Universitas Sriwijaya Tokopedia Shopee Business Needs Sistem memudahkan proses transaksi UKT mahasiswa Universitas,school
Nama Muhamad Dwirizqy Wimbassa NIM Kelas TI BIL P Tugas PPLBO System Request Technical Feasibility System Request Sistem Pembayaran UKT Universitas Sriwijaya ECommerce Project Sponsor Universitas Sriwijaya Tokopedia Shopee Business Needs Sistem memudahkan proses transaksi UKT mahasiswa Universitas,school
Nama Muhamad Dwirizqy Wimbassa NIM Kelas TI BIL P Tugas PPLBO System Request Technical Feasibility System Request Sistem Pembayaran UKT Universitas Sriwijaya ECommerce Project Sponsor Universitas Sriwijaya Tokopedia Shopee Business Needs Sistem memudahkan proses transaksi UKT mahasiswa Universitas,school
Nama Muhamad Dwirizqy Wimbassa NIM Kelas TI BIL P Tugas PPLBO System Request Technical Feasibility System Request Sistem Pembayaran UKT Universitas Sriwijaya ECommerce Project Sponsor Universitas Sriwijaya Tokopedia Shopee Business Needs Sistem memudahkan proses transaksi UKT mahasiswa Universitas,school
Nama Muhamad Dwirizqy Wimbassa Nim Kelas TI BIL B P Sequence Diagram Login Sequence Diagram Pemilihan Universitas,school
Nama Muhamad Dwirizqy Wimbassa NIM Kelas TI BIL B P Sequence Diagram Pemilihan Fakultas Pemilihan Prodi Pemilihan Jenis Mahasiswa Penginputan NIM Penguploadan KPM Pembayaran UKT,school
Nama Muhamad Dwirizqy Wimbassa NIM Kelas TI BIL B P Sequence Diagram Pemilihan Fakultas Pemilihan Prodi Pemilihan Jenis Mahasiswa Penginputan NIM Penguploadan KPM Pembayaran UKT,school
Analisis RPL Aplikasi Forum Berita Artikel Muhamad Dwirizqy Wimbassa Aplikasi Aplikasi forum artikel temui akses Salah contoh utamanya aplikasi Detikcom Babe Kaskus Jenis aplikasi fitur memanfaatkan user pemberi informasi pembuat artikel,school
Nama Muhamad Dwirizqy Wimbassa NIM Bukti SS tugas socket D D D D D L Error perbaikan perbaikan Output comClient loop comServer stelah dicoba looping method,school
Nama NIM Muhamad Dwirizqy Wimbassa Bukti SS tugas socket D D D D D L Error perbaikan perbaikan Output comClient loop comServer stelah dicoba looping method,school
UNIVERSITAS SRIWIJAYA FAKULTAS ILMU KOMPUTER JURUSAN TEKNIK INFORMATIKA Jalan Palembang Prabumulih Km Inderalaya Ogan Ilir Kode Pos Telepon Fax Email UNIVERSITAS SRIWIJAYA FAKULTAS ILMU KOMPUTER JURUSAN TEKNIK INFORMATIKA Jalan Palembang Prabumulih Km Inderalaya Ogan Ilir Kode Pos,school
LAPORAN KULIAH JARAK NAMA Muhamad Dwirizqy Wimbassa NIM KELAS Bilingual kelas P PRODI Teknik Informatika MATA KULIAH Kewarganegaraan DOSEN PENGAMPU Rini Setiyowati MPd No Nama Mata Kuliah Praktikum Nama Dosen Kuliah Metode Materi Mhs orang Pelaksanaan Dokumentasi Kewarganegaraan,school
ARIO GEMAWANG Rejang Lebong Bengkulu lulusan SMA memiliki pengalaman orang komunikatif jujur tertarik mempelajari bersekolah aktif organisasi ekstrakulikuler PENDIDIKAN FORMAL SMAN REJANG LEBONG,personal
Halo mahasiswa Universitas Sriwijaya jurusan Teknik Informatika memiliki kepribadian percaya optimis aktif tim individu mengoperasikan software Office Adobe programming language Java Kotlin memiliki keahlian khusus,personal
Interaksi Manusia Komputer Perancangan Aplikasi Muhamad Dwirizqy Wimbassa Nama Logo Aplikasi Pengertian UjiKabar Aplikasi berisi informasi berita faktual terkini Palembang berita peristiwa Palembang rekomendasi rekreasi promo khusus toko Palembang,school
MAKALAH Wawasan Nusantara DOSEN PENGAJAR Rini Setiyowati MPd DISUSUN KELOMPOK Abdillah Khalid Muhammad Riza Pahlevi Muhamad Dwirizqy Wimbassa UNIVERSITAS SRIWIJAYA FAKULTAS ILMU KOMPUTER TEKNIK INFORMATIKA PENGANTAR Puji syukur kehadirat Allah SWT Maha Esa melimpahkan rahmat hidayahNYA penulis,school
Nama Muhamad Dwirizqy Wimbassa NIM UAS ASDL perbedaan struktur data Stack Queue contoh detail operasinya komponenkomponen Tree Buatlah pohon biner barisan bilangan Buatlah pohon biner,school
