text,label
Divisi Acara Tema Kegiatan Mengoptimalkan Rasa Tanggung Jawab dalam Berorganisasi dengan Meningkatkan Rasa Kekeluargaan Narasumber Dwiki Adi Putra M Si Aqbil Fattaqqoh Pembawa Doa M Dzawil Fadhol Abidullah Dosen Pengawas Bentuk ice breaking Tebak gambar,school
UNIVERSITAS SRIWIJAYA FAKULTAS ILMU KOMPUTER HIMPUNAN MAHASISWA TEKNIK INFORMATIKA Sekretariat Gedung Fakultas Ilmu Komputer Kampus Unsri Indralaya KM Website httphmifunsriorg UNIVERSITAS SRIWIJAYA FAKULTAS ILMU KOMPUTER HIMPUNAN MAHASISWA TEKNIK INFORMATIKA Sekretariat Gedung Fakultas Ilmu Komputer Kampus Unsri Indralaya KM Website httphmifunsriorg PROPOSAL KEGIATAN UPGRADING STAF BPH HMIF,school
PROPOSAL KEGIATAN UPGRADING STAF BPH HMIF HIMPUNAN MAHASISWA TEKNIK INFORMATIKA FAKULTAS ILMU KOMPUTER UNIVERSITAS SRIWIJAYA UNIVERSITAS SRIWIJAYA FAKULTAS ILMU KOMPUTER HIMPUNAN MAHASISWA TEKNIK INFORMATIKA Sekretariat Gedung Fakultas Ilmu Komputer Kampus Unsri Indralaya KM Website httphmifunsriorg DAFTAR ISI DAFTAR ISI LATAR BELAKANG TUJUAN DAN,school
SUSUNAN DAN RINCIAN ACARA UPGRADING STAFF DAN BPH HMIF Waktu Kegiatan Pelaksana Pembukaan Moderator Vellanindhita Noorprameswari Yudoyono Mendengarkan lagu Indonesia Raya Moderator Vellanindhita Noorprameswari Yudoyono Kata Sambutan Ketua Pelaksana M Raihan Arrasyid Kata Sambutan Ketua,school
SUSUNAN DAN RINCIAN ACARA UPGRADING STAFF DAN BPH HMIF Waktu Kegiatan Pembukaan Mendengarkan lagu Indonesia Raya Kata Sambutan Ketua,school
TERM OF REFERENCE Nama Kegiatan Upgrading Staf BPH HMIF Deskripsi Kegiatan Upgrading adalah sebuah seminar pembekalan materi keorganisasian yang bertujuan untuk meningkatkan keterampilan dan kemampuan peserta dalam memimpin dan mengelola organisasi dengan lebih efektif Dalam seminar ini peserta akan diberikan pemahaman tentang konsep dan prinsip dasar dalam mengelola organisasi,school
TERM OF REFERENCE Nama Kegiatan Upgrading Staf BPH HMIF Deskripsi Kegiatan Upgrading adalah sebuah seminar pembekalan materi keorganisasian yang bertujuan untuk meningkatkan keterampilan dan kemampuan peserta dalam memimpin dan mengelola organisasi dengan lebih efektif Dalam seminar ini peserta akan diberikan pemahaman tentang konsep dan prinsip dasar dalam mengelola organisasi,school
TERM OF REFERENCES UPGRADING STAF HMIF UNIVERSITAS SRIWIJAYA Pemateri Aqbil Fattaqoh Materi Organisasi sebagai media pengembangan diri melalui aspek profesionalisme dan kekeluargaan Gambaran Umum Manusia pada dasarnya merupakan makhluk individu dan sosial sekaligus Memang pusat kemanusiaan adalah masingmasing pribadi manusia dan bahwa kemerdekaan pribadi adalah hak asasinya,school
TERM OF REFERENCES UPGRADING STAF HMIF UNIVERSITAS SRIWIJAYA Pemateri Materi Aqbil Fattaqoh Organisasi sebagai media pengembangan diri melalui aspek profesionalisme dan kekeluargaan Gambaran Umum Manusia pada dasarnya merupakan makhluk individu dan sosial sekaligus Memang pusat kemanusiaan adalah masingmasing pribadi manusia dan bahwa kemerdekaan pribadi adalah hak,school
TERM OF REFERENCES UPGRADING STAF HMIF UNIVERSITAS SRIWIJAYA Pemateri Dwiki Adi Putra MSi Materi Membangun rasa tanggung jawab dan kekeluargaan bagi organisator kampus Gambaran Umum Salah satu komponen penting dalam suatu organisasi adalah tanggung jawab dan kekeluargaan Hal tersebut dikarenakan setiap organisasi membutuhkan rasa tanggung jawab antar,school
TERM OF REFERENCES UPGRADING STAF HMIF UNIVERSITAS SRIWIJAYA Pemateri Dwiki Adi Putra MSi Materi Membangun rasa tanggung jawab dan kekeluargaan bagi organisator kampus Gambaran Umum Salah satu komponen penting dalam suatu organisasi adalah tanggung jawab dan kekeluargaan Hal tersebut dikarenakan setiap organisasi membutuhkan rasa tanggung jawab,school
Nama Muhamad Dwirizqy Wimbassa NIM Algoritma mencari FPB Input bilangan yang ingin dicari FPBnya Bagi kedua bilangan dengan faktor prima dst hingga tidak bisa dibagi dengan faktor prima lagi Lihat masing masing faktor prima yang digunakan kedua bilangan untuk membagi,school
Nama Muhamad Dwirizqy Wimbassa NIM Tugas Agama mengenai Fiqh Thoharah Berdasarkan buku fiqih yang ditulis oleh Hasbiyallah berikut merupakan definisi dan perbedaan antara Najis dan Hadas Najis adalah segala jenis kotoran yang wajib dihindari karena menyebabkan seseorang terhalang untuk beribadah kepada Allah Taala yang bisa dilihat,school
Fungsi dan Alasan Pentingnya Pancasila Muhamad Dwirizqy Wimbassa Kelompok Urgensi Pancasila Mengapa pancasila itu penting Berikut adalah fungsi pokok pancasila Dasar Negara Ideologi Bangsa Pandangan Hidup Pentingnya Pancasila Dasar negara Pancasila sebagai sumber segala hukum Pancasila sebagai jiwa bangsa yang terwujud dalam setiap lembaga,school
Critical Review Jurnal Muhamad Dwirizqy Wimbassa Jurnal Pertama Judul URGENSI MEMAHAMI DAN MENGIMPLEMENTASIKAN NILAINILAI PANCASILA DALAM KEHIDUPAN SEHARIHARI SEBAGAI SEBUAH BANGSA Penulis Wahyu Anugrah Octavian Identitas Jurnal Review Jurnal ini dibuat dalam tujuan untuk memberikan pengertian kepada para pembaca akan keadaan pancasila dalam masyarakat pada saat ini,school
Critical Review Jurnal Perkenalan Nama Muhamad Dwirizqy W Nim Jurnal Pertama Urgensi Pancasila dalam Kajian Sejarah Bangsa a Identitas Jurnal Penulis Restu Dwi Julian Email Universitas AKBPSTIE b Permasalahan Topik permasalahan yang dibahas dalam jurnal ini adalah bagaimana bentuk perkembangan dari,school
ELECTRONIC CIRCUIT STYLE Here is where your presentation begins CONTENTS OF THIS TEMPLATE Heres what youll find in this Slidesgo template A slide structure based on a Resume presentation which you can easily adapt to your needs For more info on how to edit the template please visit Slidesgo School,school
Flowchart Algoritma FPB Muhamad Dwirizqy WImbassa Start input X dan Y Tidak XY Ya kecil X i kecil Y i sisaX X mod i sisaY Y mod i i Tidak i kecil Ya sisaX sisaY Ya Output i,school
Flowchart Algoritma KPK Muhamad Dwirizqy WImbassa Start input X dan Y kpk i kpk kpk X i Tidak i Y Ya Kpk mod Y Ya Output Kpk End,school
Flowchart Algoritma menentukan Bilangan Prima Muhamad Dwirizqy WImbassa Start X String Y Input Bil Bil Print Bil Y Tidak Tidak X Bil Ya Print Ya Bukan bilangan prima Bil mod X Ya Tidak XBil Y Bukan bilangan prima X Y Merupakan,school
View metadata citation and similar papers at coreacuk brought to you by CORE provided by Universitas Sriwijaya UNSRI EJournal URGENSI MEMAHAMI DAN MENGIMPLEMENTASIKAN NILAINILAI PANCASILA DALAM KEHIDUPAN SEHARIHARI SEBAGAI SEBUAH BANGSA Wendy Anugrah Octavian Universitas Muhammadiyah Palembang Email Abstract Pancasila values must be known understood and implemented by the,school
RUNTUHNYA KARAKTER BANGSA DAN URGENSI PENDIDIKAN PANCASILA Arie Supriyatno Dosen Fakultas Keguruan dan Ilmu Pendidikan Univ Muh Magelang Abstract Depravity of a nation can take place because it was reduced to a sense of nationalist consciousness of citizens themselves There are several factors that affect the nations moral decay such,school
MAKALAH Implementasi Iman dan Takwa dalam Kehidupan DOSEN PEMBIMBING Nurbuana SAg MPd I DISUSUN OLEH KELOMPOK Muhamad Dwirizqy Wimbassa Muhammad Ikhsan Yudistira UNIVERSITAS SRIWAJAYA FAKULTAS ILMU KOMPUTER TEKNIK INFORMATIKA BAB I PENDAHULUAN Latar Belakang Dewasa ini globalisasi telah merambah ke semua bidang kehidupan Kemajuan sains dan,school
ESENSI DATA SCIENCE Inti ataupun rukun dari data science adalah sebagai berikut Memberi hasil berupa Insights tida k hanya sekedar informasi belaka Dapat mengelola data dalam berbagai formats text graph video etc Memiliki kemampuan yang bersifat bertingkat atau scalability dalam menganalisa data dengan kompleksitas yang,school
CLOUD COMPUTING KELOMPOK PENGANTAR TEKNOLOGI INFORMASI FARHAN NUGRAHA MUHAMMAD DWIRIZQY WIMBASSA KSATRIA ABDULLAH FARAUK KAKA INOCHI MEMBERS Apa itu Cloud Computing What Farhan Nugraha CLOUD COMPUTING Apa,school
Pendahuluan NLP Text Mining Anggota Kelompok Abdullah Farauk Ksatria Muhamad Dwirizqy Wimbassa Kaka Inochi Pendahuluan Muhamad Dwirizqy Wimbassa Pengertian NLP Natural Language Processing Natural Language Processing NLP atau Pemrosesan Bahasa Alami PBA merupakan sebuah cabang ilmu AIComputational Linguistik yang mempelajari bagaimana bahasa,school
Nama Muhamad Dwirizqy Wimbassa NIM Algoritma mencari FPB Input bilangan yang ingin dicari FPBnya Bagi kedua bilangan dengan faktor prima dst hingga tidak bisa dibagi dengan faktor prima lagi Lihat masing masing faktor prima yang digunakan kedua,school
TUGAS PENGANTAR ALPRO BILL Algoritma menghitung nilai Ratarata dari Array Deskripsi Input bilangan menggunakan library Scanner Mendeklarasikan variabel i total data dan array nilaiA bertipe data integer Inisialisasi panjang array pada variable nilaiA sebanyak Mendeklarasikan variabel rataRata bertipe data double Mendeklarasikan variabel input untuk input user dan,school
TUGAS PENGANTAR ALPRO BILL Algoritma menghitung nilai Ratarata dari Array Deskripsi Input bilangan menggunakan library Scanner Mendeklarasikan variabel i total data dan array nilaiA bertipe data integer Inisialisasi panjang array pada variable nilaiA sebanyak Mendeklarasikan variabel rataRata bertipe data double Mendeklarasikan variabel input,school
UJIAN AKHIR SEMESTER GANJIL TAHUN AKADEMIK FAKULTAS ILMU KOMPUTER UNIVERSITAS SRIWIJAYA Nama Mata Kuliah SKS Hari Tanggal Kelas Waktu Program Studi Dosen Penguji Matriks dan Vektor Selasa November P Teknik Informatika Alvi Syahrini,school
Artificial Intelligence Abdullah Farauk Ksatria Muhamad Dwirizqy Wimbassa Farhan Nugraha Kaka Inochi Kelompok Voice Recognition P engantarTeknologiInformasijava Unsrihtml Definition of Voice Recognition Definisi MuhamadDwirizqyWimbassaclass java Kelompok Definition,school
Nama Muhamad Dwirizqy Wimbassa NIM Perkenalan Menggunakan Bahasa Daerah Assalamualaikum Warrahmatullahi Wabarakatuh Perkenalkan namo ambo Muhamad Dwirizqy Wimbassa biaso dipanggil Kiki Umur ambo tahun sekarang tinggalnyo di Palembang tapi aslinyo orang Curup kabupaten Rejang Lebong di Provinsi Bengkulu Ambo lahir di Curup di daerah Air Rambai,school
TUGAS KULIAH UMUM KEWARGANEGARAAN RINGKASAN KETAHANAN NASIONAL Dosen Pengajar Ahmad Idris SH MH Disusun oleh Muhamad Dwirizqy Wimbassa PROGRAM STUDIK TEKNIK INFORMATIKA FAKULTAS ILMU KOMPUTER UNIVERSITAS SRIWIJAYA KULIAH UMUM KETAHANAN NASIONAL PENGUATAN KARAKTER BANGSA DALAM IMPLEMENTASI KAMPUS MERDEKA Pandemi Covid telah merubah cara masyarakat berinteraksi,school
Nama Muhamad Dwirizqy Wimbassa Nim Spec Pc Budget juta Case Phanteks Eclipse PA Tempered glass Alasan Memiliki build quality yang baik serta memiliki lampu RGB yang tidak berlebihan dan berkesan simpel Link httpsshopeecoidDiskonPhanteksEclipsePATemperedGlassCasingKomputerispatkeeaebaedfbbbb Link Spec Motherboard ASUS ROG Strix,school
Nama Muhamad Dwirizqy Wimbassa Nim Spek Pc Budget juta Case Phanteks Eclipse PA Tempered glass Alasan Memiliki build quality yang baik serta memiliki lampu RGB yang tidak berlebihan dan berkesan simpel Link httpsshopeecoidDiskonPhanteksEclipsePATemperedGlassCasingKomputerispatkeeaebaedfbbbb Motherboard ASUS ROG Strix ZG Gaming WiFi,school
Muhamad Dwirizqy Wimbassa Tugas Revisi Skripsi Kesalahan akan di highlight dengan warna merah dan revisi akan di highlight dalam warna biru Contoh membunu membunuh BAB PENDAHULUAN Latar Belakang Di era globalisasi ini kemajuan teknologi informasi dan komunikasi telah mendorong terjadinya perkembangan dunia usaha yang sangat cepat Perkembangan,school
Muhamad Dwirizqy Wimbassa Identifikasi Masalah Tugas Akhir Pernyataan Seharusnya akan di highlight dengan warna kuning dan pernyataan Senyatanya akan di highlight dengan warna hijau BAB PENDAHULUAN Latar Belakang Di era globalisasi ini kemajuan teknologi informasi dan komunikasi telah mendorong terjadinya perkembangan dunia usaha yang sangat cepat Perkembangan,school
Ujian Akhir Semester Mata Kuliah Bahasa Indonesia Dosen Pengampu A Rizqi Turama SPd MA Nama NIM Muhamad Dwirizqy Wimbassa Paragraf Eksposisi Mengenali Penyakit Asma Sistem pernapasan manusia yang terdiri dari beberapa organ dapat mengalami gangguan Gangguan ini biasanya berupa kelainan penyakit efek lingkungan bahkan,school
Muhamad Dwirizqy Wimbassa UTS ASDL Uraikan secara singkat dan jelas arti dari struktur data Array Linked List Stack dan Queue Jawaban Array adalah jenis struktur data yang digunakan untuk menyimpan satu tipe data dimana setiap elemennya dapat diakses secara langsung di waktu konstan Linked list adalah bentuk struktur data,school
Muhamad Dwirizqy Wimbassa UTS ASDL Uraikan secara singkat dan jelas arti dari struktur data Array Linked List Stack dan Queue Jawaban Array adalah jenis struktur data yang digunakan untuk menyimpan satu tipe data dimana setiap elemennya dapat diakses secara langsung di waktu konstan Linked list adalah bentuk struktur,school
Nama Muhamad Dwirizqy Wimbassa NIM UAS ASDL Jelaskan apa perbedaan antara struktur data Stack dan Queue Berikan contoh dan detail operasinya Jelaskan apa saja komponenkomponen dalam Tree Buatlah pohon biner dari barisan bilangan berikut Buatlah,school
Nama Muhamad Dwirizqy Wimbassa NIM UAS PENDIDIKAN KEWARGANEGARAAN Soal Ujian Uraikan faktorfaktor yang menyebabkan terjadinya berbagai aksi separatisme di Indonesia ditinjau dari konsep integrasi nasional yang mana gerakan separatisme ini dapat mengancam identitas nasional bangsa Indonesia Uraikan juga bagaimana pandangan saudara terkait upaya yang harus dilakukan oleh pemerintah untuk,school
LAPORAN KULIAH JARAK JAUH NAMA Muhamad Dwirizqy Wimbassa NIM KELAS Bilingual kelas P PRODI Teknik Informatika MATA KULIAH Kewarganegaraan DOSEN PENGAMPU Rini Setiyowati MPd No Nama Mata Kuliah Praktikum Nama Dosen Kuliah Ke Metode Materi Jumlah Mhs orang Waktu Pelaksanaan Dokumentasi Kewarganegaraan,school
Nama Muhamad Dwirizqy Wimbassa NIM Hasil analisis DNS Topologi ini menghasilkan fitur DNS yang memungkinkan pc untuk mengakses server web yang telah di Input DNS sendiri adalah singkatan daripada Domain Name System yang berfungsi untuk menamai sistem untuk mengindentifikasi komputer Pada bagian web yang telah dapat diakses,school
Review Delay on the Google Play Store Muhamad Dwirizqy wimbassa Google is implementing a new change to its ratings and reviews to combat suspicious reviews The change will delay the publishing of new reviews by hours after submission Developers will still be able to see and reply to,school
Quantum Computing in a nutshell Muhamad Dwirizqy wimbassa What is quantum computing Quantum computing is an analog to the computing we know and love But while computing leverages the classical transistor quantum computing takes advantage of the world of the infinitely small the quantum world to run,school
The end of GPU Mining Muhamad Dwirizqy Wimbassa Unprofitable After the Ethereum Merge where the cryptocoin successfully switched from Proof of Work PoW to Proof of Stake PoS profitability of GPU mining has completely collapsed That means the best graphics cards should finally be back,school
Intel Arc A Will it Surpass NVIDIA Muhamad Dwirizqy Wimbassa Intel Arc A adalah GPU Flagship terbaru dari Intel yang diperkirakan akan keluar untuk publik pada musim panas tahun ini GPU kelas atas dari Intel ini ditujukan untuk menyaingi kartu grafis Nvidia GeForce RTX Ti dan RTX,school
Nama Muhamad Dwirizqy Wimbassa Nim UAS Basis Data a Berdasarkan skema di atas tuliskan pernyataan SQL DDL untuk membentuk seluruh table yang ada create table Buku ISBN varchar PRIMARY KEY Judul varchar Edisi varchar JumlahHalaman varchar Penulis varchar Penerbit varchar TahunTerbit varchar create table Pelanggan,school
Nama Muhamad Dwirizqy Wimbassa Nim UAS Basis Data a Berdasarkan skema di atas tuliskan pernyataan SQL DDL untuk membentuk seluruh table yang ada create table Buku ISBN varchar PRIMARY KEY Judul varchar Edisi varchar JumlahHalaman varchar Penulis varchar Penerbit varchar TahunTerbit varchar create table Pelanggan,school
Interaksi Manusia Komputer Perancangan Aplikasi Muhamad Dwirizqy Wimbassa Nama dan Logo Aplikasi Pengertian UjiKabar adalah sebuah Aplikasi yang berisi informasi mengenai segala berita faktual terkini di Palembang Mulai dari berita mengenai peristiwa yang terjadi di Palembang rekomendasi tempat rekreasi hingga promo khusus dari berbagai toko di Palembang dan,school
SISTEM INFORMASI PENGARSIPAN DATA BERBASIS WEBSITE Disusun Oleh JIHAAN JASMINE JAHROO ARRAHMANUL HAKIM NICO KARUNA MUHAMAD DWIRIZQY WIMBASSA KAKA INOCHI FAKULTAS ILMU KOMPUTER PRODI TEKNIK INFORMATIKA UNIVERSITAS SRIWIJAYA DAFTAR ISI BAB I PENDAHULUAN BAB II KAJIAN LITERATUR BAB III METODOLOGI PENELITIAN BAB,school
Remastering Linux Tema Gaming Elan Abdul Hakim Abdullah Farauk Muhamad Dwirizqy Wimbassa Judul Remastering Linux G nux Permasalahan Memasuki era digitalisasi dan banyaknya pemuda pemudi yang mulai turun dalam profesi Gaming Hal ini membuat meningkatnya kebutuhan para gamers tersebut akan suatu media yang dapat memudahkan langkah,school
Remastering Linux Tema Gaming Elan Abdul Hakim Abdullah Farauk Muhamad Dwirizqy Wimbassa Judul Remastering Linux G n u x Permasalahan Memasuki era digitalisasi dan banyaknya pemuda pemudi yang mulai turun dalam profesi Gaming Hal ini membuat meningkatnya kebutuhan para gamers tersebut akan suatu media yang dapat,school
Remastering Linux Tema Gaming Elan Abdul Hakim Abdullah Farauk Muhamad Dwirizqy Wimbassa Judul Remastering Linux G nux Memasuki era digitalisasi dan banyaknya pemuda pemudi yang mulai turun dalam profesi Gaming Hal ini membuat meningkatnya kebutuhan para gamers tersebut akan suatu media yang dapat memudahkan langkah dan,school
UNIVERSITAS SRIWIJAYA FAKULTAS ILMU KOMPUTER JURUSAN TEKNIK INFORMATIKA JalanPalembang Prabumulih Km Inderalaya Ogan Ilir Kode Pos Telepon Fax Email UNIVERSITAS SRIWIJAYA FAKULTAS ILMU KOMPUTER JURUSAN TEKNIK INFORMATIKA JalanPalembang Prabumulih Km Inderalaya Ogan Ilir Kode Pos Telepon,school
Judul PERANAN PENGETAHUAN DESAIN KOMUNIKASI VISUAL DALAM PENGAJARAN MATAKULIAH INTERAKSI MANUSIA DAN KOMPUTER Jurnal Jurnal Informatika Tahun Penulis Baginda Oloan Lubis Reviewer Muhamad Dwirizqy Wimbassa Tanggal November Tujuan Penelitian Tujuan penelitiannya adalah agar pengajar mata kuliah interaksi manusia dan komputer pada AMIK Bina Sarana Informatika diharapkan,school
Rancangan Aplikasi Uji Kabar untuk memberikan Informasi Faktual dan Relevan serta membantu UMKM daerah Palembang dan Sekitarnya Version Software Requirements Specification Date Nov Rancangan Aplikasi Uji Kabar untuk memberikan Informasi Faktual dan Relevan serta membantu UMKM daerah Palembang dan Sekitarnya Version Software Requirements Specification Date Nov,school
Tahap Pengujian Sistem Pengujian sistem pada Sistem Informasi Manajemen Pengarsipan data berbasis Web untuk data Bulanan menggunakan teknik black box dapat dilihat dari Tabel Dibawah ini Tabel Pengujian Blackbox No Fungsi dan Penyajian Hasil Pengujian Berhasil Tidak Halaman Login Page Halaman Jenisjenis Data,school
UNIVERSITAS SRIWIJAYA FAKULTAS ILMU KOMPUTER JURUSAN TEKNIK INFORMATIKA JalanPalembang Prabumulih Km Inderalaya Ogan Ilir Kode Pos Telepon Fax Email UNIVERSITAS SRIWIJAYA FAKULTAS ILMU KOMPUTER JURUSAN TEKNIK INFORMATIKA JalanPalembang Prabumulih Km Inderalaya Ogan Ilir Kode Pos Telepon,school
UNIVERSITAS SRIWIJAYA FAKULTAS ILMU KOMPUTER JURUSAN TEKNIK INFORMATIKA JalanPalembang Prabumulih Km Inderalaya Ogan Ilir Kode Pos Telepon Fax Email Mata Kuliah Pemrograman Web I Jurusan Teknik Informatika Kelas RegulerBilingual QUIZ Dosen Osvari A SKom MT Waktu,school
Praktikum Jaringan Komputer TIBil Muhamad Dwirizqy Wimbassa Wireshark Amati aktivitas browsing yang anda lakukan Pada wireshark nyalakan capture pada interface yg aktif Buka browser buka wwwunsriacid Klik salah satu link berita di wwwunsriacid Setelah halaman berhasil di load matikan capture Amati aktivitas http yang dilakukan untuk membuka,school
Pemogramman WEB II Ade Iriani Sapitri MKom Kerjakan Tugas secara Individu deadline Pengumpulan Rabu Februari sd Pukul kirim melalui email subject Tugas NAMANIMpdf kirim ke alamat email Nama Mahasiswa Muhamad Dwirizqy Wimbassa NIM Kelas P Nilai Diisi Dosen MENGGABUNGKAN HTML,school
Pemogramman WEB II Ade Iriani Sapitri MKom Kerjakan Tugas secara Individu deadline Pengumpulan Rabu Februari sd Pukul kirim melalui email subject Tugas NAMANIMpdf kirim ke alamat email Nama Mahasiswa Muhamad Dwirizqy Wimbassa NIM Kelas P Nilai Diisi Dosen MENGGABUNGKAN HTML,school
UNIVERSITAS SRIWIJAYA FAKULTAS ILMU KOMPUTER JURUSAN TEKNIK INFORMATIKA Jalan Palembang Prabumulih Km Inderalaya Ogan Ilir Kode Pos Telepon Fax Email UNIVERSITAS SRIWIJAYA FAKULTAS ILMU KOMPUTER JURUSAN TEKNIK INFORMATIKA Jalan Palembang Prabumulih Km Inderalaya Ogan Ilir Kode Pos,school
Nama Muhamad Dwirizqy Wimbassa NIM Kelas TI BIL P Tugas PPLBO System Request Technical Feasibility System Request Sistem Pembayaran UKT Universitas Sriwijaya melalui ECommerce Project Sponsor Universitas Sriwijaya Tokopedia Shopee Business Needs Sistem ini dibuat agar memudahkan proses transaksi UKT bagi mahasiswa Universitas,school
Nama Muhamad Dwirizqy Wimbassa NIM Kelas TI BIL P Tugas PPLBO System Request Technical Feasibility System Request Sistem Pembayaran UKT Universitas Sriwijaya melalui ECommerce Project Sponsor Universitas Sriwijaya Tokopedia Shopee Business Needs Sistem ini dibuat agar memudahkan proses transaksi UKT bagi mahasiswa Universitas,school
Nama Muhamad Dwirizqy Wimbassa NIM Kelas TI BIL P Tugas PPLBO System Request Technical Feasibility System Request Sistem Pembayaran UKT Universitas Sriwijaya melalui ECommerce Project Sponsor Universitas Sriwijaya Tokopedia Shopee Business Needs Sistem ini dibuat agar memudahkan proses transaksi UKT bagi mahasiswa Universitas,school
Nama Muhamad Dwirizqy Wimbassa NIM Kelas TI BIL P Tugas PPLBO System Request Technical Feasibility System Request Sistem Pembayaran UKT Universitas Sriwijaya melalui ECommerce Project Sponsor Universitas Sriwijaya Tokopedia Shopee Business Needs Sistem ini dibuat agar memudahkan proses transaksi UKT bagi mahasiswa Universitas,school
Nama Muhamad Dwirizqy Wimbassa NIM Kelas TI BIL P Tugas PPLBO System Request Technical Feasibility System Request Sistem Pembayaran UKT Universitas Sriwijaya melalui ECommerce Project Sponsor Universitas Sriwijaya Tokopedia Shopee Business Needs Sistem ini dibuat agar memudahkan proses transaksi UKT bagi mahasiswa Universitas,school
Nama Muhamad Dwirizqy Wimbassa NIM Kelas TI BIL P Tugas PPLBO System Request Technical Feasibility System Request Sistem Pembayaran UKT Universitas Sriwijaya melalui ECommerce Project Sponsor Universitas Sriwijaya Tokopedia Shopee Business Needs Sistem ini dibuat agar memudahkan proses transaksi UKT bagi mahasiswa Universitas,school
Nama Muhamad Dwirizqy Wimbassa NIM Kelas TI BIL P Tugas PPLBO System Request Technical Feasibility System Request Sistem Pembayaran UKT Universitas Sriwijaya melalui ECommerce Project Sponsor Universitas Sriwijaya Tokopedia Shopee Business Needs Sistem ini dibuat agar memudahkan proses transaksi UKT bagi mahasiswa Universitas,school
Nama Muhamad Dwirizqy Wimbassa NIM Kelas TI BIL P Tugas PPLBO System Request Technical Feasibility System Request Sistem Pembayaran UKT Universitas Sriwijaya melalui ECommerce Project Sponsor Universitas Sriwijaya Tokopedia Shopee Business Needs Sistem ini dibuat agar memudahkan proses transaksi UKT bagi mahasiswa Universitas,school
Nama Muhamad Dwirizqy Wimbassa Nim Kelas TI BIL B P Sequence Diagram Login Sequence Diagram Pemilihan Universitas,school
Nama Muhamad Dwirizqy Wimbassa NIM Kelas TI BIL B P Sequence Diagram Pemilihan Fakultas Pemilihan Prodi Pemilihan Jenis Mahasiswa Penginputan NIM Penguploadan KPM Pembayaran UKT,school
Nama Muhamad Dwirizqy Wimbassa NIM Kelas TI BIL B P Sequence Diagram Pemilihan Fakultas Pemilihan Prodi Pemilihan Jenis Mahasiswa Penginputan NIM Penguploadan KPM Pembayaran UKT,school
Analisis RPL Aplikasi Forum Berita dan Artikel Muhamad Dwirizqy Wimbassa Tentang Aplikasi Aplikasi forum dan artikel sudah sering kita temui dan akses Salah satu contoh utamanya adalah aplikasi seperti Detikcom Babe dan Kaskus Jenis aplikasi ini menggunakan fitur yang memanfaatkan user sebagai pemberi informasi serta pembuat artikel,school
Nama Muhamad Dwirizqy Wimbassa NIM Bukti SS tugas socket D D D D D L Error sebelum perbaikan perbaikan terdapat di bagian bawah Output belum bisa seperti yang diinginkan pada bagian comClient loop dapat dilakukan dengan baik namun di bagian comServer stelah dicoba dengan berbagai macam looping method,school
Nama NIM Muhamad Dwirizqy Wimbassa Bukti SS tugas socket D D D D D L Error sebelum perbaikan perbaikan terdapat di bagian bawah Output belum bisa seperti yang diinginkan pada bagian comClient loop dapat dilakukan dengan baik namun di bagian comServer stelah dicoba dengan berbagai macam looping method,school
UNIVERSITAS SRIWIJAYA FAKULTAS ILMU KOMPUTER JURUSAN TEKNIK INFORMATIKA Jalan Palembang Prabumulih Km Inderalaya Ogan Ilir Kode Pos Telepon Fax Email UNIVERSITAS SRIWIJAYA FAKULTAS ILMU KOMPUTER JURUSAN TEKNIK INFORMATIKA Jalan Palembang Prabumulih Km Inderalaya Ogan Ilir Kode Pos,school
LAPORAN KULIAH JARAK JAUH NAMA Muhamad Dwirizqy Wimbassa NIM KELAS Bilingual kelas P PRODI Teknik Informatika MATA KULIAH Kewarganegaraan DOSEN PENGAMPU Rini Setiyowati MPd No Nama Mata Kuliah Praktikum Nama Dosen Kuliah Ke Metode Materi Jumlah Mhs orang Waktu Pelaksanaan Dokumentasi Kewarganegaraan,school
ARIO GEMAWANG Rejang Lebong Bengkulu Saya seorang lulusan SMA yang belum memiliki pengalaman dalam bekerja Saya adalah orang yang komunikatif jujur dan tertarik dalam mempelajari hal baru Saat bersekolah saya pernah aktif dalam organisasi dan beberapa ekstrakulikuler PENDIDIKAN FORMAL SMAN REJANG LEBONG,personal
Halo saya adalah mahasiswa Universitas Sriwijaya jurusan Teknik Informatika Saya memiliki kepribadian yang percaya diri optimis dan aktif Saya bisa bekerja dalam tim maupun secara individu Saya dapat mengoperasikan banyak software mulai dari Office hingga Adobe dan berbagai programming language seperti Java dan Kotlin Saya juga memiliki keahlian khusus dalam,personal
Interaksi Manusia Komputer Perancangan Aplikasi Muhamad Dwirizqy Wimbassa Nama dan Logo Aplikasi Pengertian UjiKabar adalah sebuah Aplikasi yang berisi informasi mengenai segala berita faktual terkini di Palembang Mulai dari berita mengenai peristiwa yang terjadi di Palembang rekomendasi tempat rekreasi hingga promo khusus dari berbagai toko di Palembang dan,school
MAKALAH Wawasan Nusantara DOSEN PENGAJAR Rini Setiyowati MPd DISUSUN OLEH KELOMPOK Abdillah Khalid Muhammad Riza Pahlevi Muhamad Dwirizqy Wimbassa UNIVERSITAS SRIWIJAYA FAKULTAS ILMU KOMPUTER TEKNIK INFORMATIKA KATA PENGANTAR Puji syukur kehadirat Allah SWT Yang Maha Esa yang telah melimpahkan rahmat dan hidayahNYA sehingga penulis dapat,school
Nama Muhamad Dwirizqy Wimbassa NIM UAS ASDL Jelaskan apa perbedaan antara struktur data Stack dan Queue Berikan contoh dan detail operasinya Jelaskan apa saja komponenkomponen dalam Tree Buatlah pohon biner dari barisan bilangan berikut Buatlah pohon biner,school
